{"cameraMode":{"drawMode":0,"name":"Shaded","section":"Shading Mode"},"sceneLighting":true,"audioPlay":false,"sceneViewState":{"m_AlwaysRefresh":true,"showFog":true,"showSkybox":true,"showFlares":true,"showImageEffects":true,"showParticleSystems":true,"showVisualEffectGraphs":true,"m_FxEnabled":true},"in2DMode":false,"pivot":{"x":2.4111547470092775,"y":0.0758192241191864,"z":-2.6861517429351808},"rotation":{"x":0.10318609327077866,"y":0.7766454815864563,"z":-0.13196483254432679,"w":0.6072712540626526},"size":6.224296569824219,"orthographic":false}